[
  {
    "slug": "cnc-shadow-monitoring",
    "title": "CNC Shadow Monitoring Suite",
    "summary": "Cross-site Playwright monitor with consent handling, SEO checks, and Slack reports. Automated 95% of regression testing with intelligent selector healing and performance tracking.",
    "tags": ["Playwright", "TypeScript", "QA", "CI/CD", "Slack Integration"],
    "media": "/media/cnc-shadow.mp4",
    "mediaType": "video",
    "links": {
      "docs": "#cnc-docs",
      "demo": "#cnc-demo"
    },
    "featured": true
  },
  {
    "slug": "playwright-test-doctor",
    "title": "Playwright Test Doctor",
    "summary": "AI-powered test healing system that detects failing selectors and generates replacement strategies. Reduces test maintenance by 60% with autonomous pattern recognition.",
    "tags": ["AI", "Playwright", "TypeScript", "Test Automation"],
    "media": "/media/test-doctor.mp4",
    "mediaType": "video",
    "links": {
      "code": "#test-doctor-code",
      "docs": "#test-doctor-docs"
    },
    "featured": true
  },
  {
    "slug": "ramenator",
    "title": "Ramenator — AI Ramen Recipes",
    "summary": "React app with ingredient recognition and AI recipe suggestions. Features modern UI with smooth animations and intelligent meal planning recommendations.",
    "tags": ["React", "AI", "UX", "Food Tech"],
    "media": "/media/ramenator.mp4",
    "mediaType": "video",
    "links": {
      "demo": "#ramenator-demo",
      "code": "#ramenator-code"
    },
    "featured": true
  },
  {
    "slug": "qa-intelligence-suite",
    "title": "QA Intelligence Suite",
    "summary": "20-analyzer testing platform for repository health, test coverage, performance bottlenecks, and migration risk assessment with comprehensive dashboards.",
    "tags": ["Python", "TypeScript", "Test Analysis", "DevOps"],
    "media": "/media/qa-suite.mp4",
    "mediaType": "video",
    "links": {
      "docs": "#qa-suite-docs"
    },
    "featured": false
  },
  {
    "slug": "test-strategy-optimizer",
    "title": "Test Strategy Optimizer",
    "summary": "4-pillar testing framework with health monitoring, intelligence analysis, strategy optimization, and automated training modules for team efficiency.",
    "tags": ["TypeScript", "Test Orchestration", "Training System"],
    "media": "/media/strategy-optimizer.mp4",
    "mediaType": "video",
    "links": {
      "docs": "#strategy-optimizer-docs"
    },
    "featured": false
  },
  {
    "slug": "crawler-debug-agent",
    "title": "Crawler Debug Agent",
    "summary": "Contract-based crawler with golden rules for fast, stable crawling. Uses lightweight BFS with budget controls and consent sweeping for Czech news sites.",
    "tags": ["TypeScript", "Web Crawling", "Consent Management"],
    "media": "/media/crawler-agent.mp4",
    "mediaType": "video",
    "links": {
      "code": "#crawler-agent-code",
      "docs": "#crawler-agent-docs"
    },
    "featured": false
  }
]